date,symbol,open,high,low,close,volume
2022-03-22,EMBC,48.0,49.0,47.0,47.0,7000
2022-03-23,EMBC,48.0,48.0,42.0,42.0,22900
2022-03-24,EMBC,44.04999923706055,44.45000076293945,44.04999923706055,44.41899871826172,600
2022-03-25,EMBC,43.0099983215332,43.0099983215332,43.0099983215332,43.0099983215332,1100
2022-03-28,EMBC,44.0,44.0,42.000999450683594,43.5,1100
2022-03-29,EMBC,43.5,43.54999923706055,39.5099983215332,40.04999923706055,15500
2022-03-30,EMBC,40.41999816894531,40.83000183105469,36.400001525878906,36.41999816894531,46100
2022-03-31,EMBC,36.36000061035156,36.36000061035156,33.33000183105469,33.33000183105469,132200
2022-04-01,EMBC,32.36000061035156,33.150001525878906,28.594999313354492,30.5,22998000
2022-04-04,EMBC,30.1200008392334,33.779998779296875,30.1200008392334,31.399999618530273,5199700
2022-04-05,EMBC,30.56999969482422,31.280000686645508,30.0,30.0,4333000
2022-04-06,EMBC,29.889999389648438,30.579999923706055,27.200000762939453,29.979999542236328,7015800
2022-04-07,EMBC,28.780000686645508,30.15999984741211,28.600000381469727,29.399999618530273,5450300
2022-04-08,EMBC,28.899999618530273,34.16999816894531,28.299999237060547,32.540000915527344,3501100
2022-04-11,EMBC,31.770000457763672,32.7400016784668,30.700000762939453,32.41999816894531,1937500
2022-04-12,EMBC,32.5,33.220001220703125,30.459999084472656,32.11000061035156,2213400
2022-04-13,EMBC,31.68000030517578,33.439998626708984,31.0,33.36000061035156,2132600
2022-04-14,EMBC,33.0099983215332,33.560001373291016,32.189998626708984,32.83000183105469,1598900
2022-04-18,EMBC,32.36000061035156,32.75,31.690000534057617,32.27000045776367,926600
2022-04-19,EMBC,31.989999771118164,32.2400016784668,30.420000076293945,30.93000030517578,1038300
2022-04-20,EMBC,30.940000534057617,31.639999389648438,29.8799991607666,31.1299991607666,964500
2022-04-21,EMBC,31.059999465942383,31.290000915527344,29.299999237060547,30.579999923706055,860600
2022-04-22,EMBC,30.459999084472656,31.93000030517578,30.0,31.649999618530273,792100
2022-04-25,EMBC,31.31999969482422,32.529998779296875,30.06999969482422,32.439998626708984,862800
2022-04-26,EMBC,31.760000228881836,32.75,30.90999984741211,31.09000015258789,1023700
2022-04-27,EMBC,30.84000015258789,32.0,30.469999313354492,31.649999618530273,921200
2022-04-28,EMBC,31.440000534057617,31.75,29.959999084472656,30.940000534057617,846700
2022-04-29,EMBC,30.520000457763672,30.860000610351562,29.510000228881836,30.43000030517578,958800
2022-05-02,EMBC,29.75,31.760000228881836,29.690000534057617,31.739999771118164,1029700
2022-05-03,EMBC,31.34000015258789,32.560001373291016,31.100000381469727,32.130001068115234,746900
2022-05-04,EMBC,31.850000381469727,32.849998474121094,31.674999237060547,32.439998626708984,475800
2022-05-05,EMBC,32.08000183105469,33.2400016784668,31.329999923706055,31.799999237060547,269900
2022-05-06,EMBC,31.280000686645508,31.461999893188477,29.8700008392334,30.059999465942383,604900
2022-05-09,EMBC,29.469999313354492,29.7450008392334,28.309999465942383,29.030000686645508,1003300
2022-05-10,EMBC,28.739999771118164,29.05500030517578,27.5,28.579999923706055,929900
2022-05-11,EMBC,28.190000534057617,30.239999771118164,27.75,28.8799991607666,536900
2022-05-12,EMBC,28.440000534057617,29.100000381469727,27.850000381469727,28.8799991607666,660700
2022-05-13,EMBC,27.1200008392334,27.68000030517578,24.610000610351562,26.329999923706055,2386000
2022-05-16,EMBC,25.940000534057617,26.889999389648438,25.0,25.239999771118164,1390800
2022-05-17,EMBC,25.010000228881836,26.1299991607666,24.735000610351562,25.84000015258789,1150200
2022-05-18,EMBC,25.8700008392334,27.329999923706055,25.530000686645508,26.670000076293945,1197500
2022-05-19,EMBC,26.290000915527344,28.31999969482422,26.010000228881836,27.18000030517578,667600
2022-05-20,EMBC,27.6200008392334,28.315000534057617,27.209999084472656,27.75,527600
2022-05-23,EMBC,27.399999618530273,27.729999542236328,26.15999984741211,26.469999313354492,514800
2022-05-24,EMBC,26.010000228881836,26.200000762939453,24.420000076293945,25.309999465942383,949000
2022-05-25,EMBC,24.8700008392334,25.739999771118164,24.81999969482422,25.649999618530273,698500
2022-05-26,EMBC,25.90999984741211,26.31999969482422,25.190000534057617,26.170000076293945,657000
2022-05-27,EMBC,26.170000076293945,26.860000610351562,25.40999984741211,26.34000015258789,363600
2022-05-31,EMBC,25.93000030517578,26.260000228881836,24.389999389648438,24.780000686645508,973600
2022-06-01,EMBC,24.75,25.450000762939453,23.84000015258789,25.260000228881836,628700
2022-06-02,EMBC,25.31999969482422,28.450000762939453,25.31999969482422,28.31999969482422,548100
2022-06-03,EMBC,27.829999923706055,29.200000762939453,27.43000030517578,27.510000228881836,507300
2022-06-06,EMBC,28.209999084472656,29.940000534057617,27.81999969482422,28.209999084472656,731700
2022-06-07,EMBC,28.0,29.09000015258789,27.25,27.75,538500
2022-06-08,EMBC,27.690000534057617,28.610000610351562,27.270000457763672,28.0,601200
2022-06-09,EMBC,28.190000534057617,28.8799991607666,27.389999389648438,27.700000762939453,430000
2022-06-10,EMBC,27.200000762939453,27.959999084472656,26.915000915527344,27.100000381469727,476800
2022-06-13,EMBC,26.440000534057617,26.915000915527344,24.825000762939453,26.219999313354492,481400
2022-06-14,EMBC,26.170000076293945,27.739999771118164,25.8799991607666,27.510000228881836,651700
2022-06-15,EMBC,27.270000457763672,28.709999084472656,27.270000457763672,28.1299991607666,474500
2022-06-16,EMBC,27.31999969482422,27.8799991607666,26.649999618530273,27.520000457763672,646300
2022-06-17,EMBC,28.270000457763672,29.959999084472656,27.790000915527344,28.260000228881836,1966200
2022-06-21,EMBC,27.010000228881836,28.760000228881836,26.649999618530273,27.0,904400
2022-06-22,EMBC,26.399999618530273,29.128999710083008,26.399999618530273,28.389999389648438,594400
2022-06-23,EMBC,28.309999465942383,28.40999984741211,26.940000534057617,27.020000457763672,889200
2022-06-24,EMBC,26.850000381469727,28.40999984741211,26.81999969482422,26.8700008392334,7372700
2022-06-27,EMBC,27.290000915527344,27.43000030517578,26.59000015258789,27.0,1138700
2022-06-28,EMBC,27.049999237060547,27.43000030517578,26.280000686645508,26.809999465942383,818800
2022-06-29,EMBC,26.799999237060547,26.850000381469727,25.399999618530273,25.850000381469727,701500
2022-06-30,EMBC,25.3799991607666,26.309999465942383,24.770000457763672,25.31999969482422,648800
2022-07-01,EMBC,25.149999618530273,26.200000762939453,24.15999984741211,26.079999923706055,578200
2022-07-05,EMBC,25.559999465942383,26.260000228881836,24.59000015258789,26.209999084472656,593100
2022-07-06,EMBC,26.200000762939453,26.200000762939453,25.079999923706055,25.469999313354492,356900
2022-07-07,EMBC,25.3799991607666,25.559999465942383,24.81999969482422,25.100000381469727,467300
2022-07-08,EMBC,25.010000228881836,25.5,24.549999237060547,25.209999084472656,296700
2022-07-11,EMBC,24.959999084472656,25.079999923706055,24.014999389648438,24.030000686645508,362200
2022-07-12,EMBC,23.950000762939453,24.829999923706055,23.6200008392334,24.549999237060547,323800
2022-07-13,EMBC,24.100000381469727,24.739999771118164,24.049999237060547,24.670000076293945,207000
2022-07-14,EMBC,24.40999984741211,24.729999542236328,24.110000610351562,24.600000381469727,263100
2022-07-15,EMBC,25.09000015258789,25.520000457763672,24.489999771118164,25.399999618530273,575000
2022-07-18,EMBC,25.639999389648438,25.719999313354492,23.799999237060547,24.0,385900
2022-07-19,EMBC,24.209999084472656,26.40999984741211,24.209999084472656,26.290000915527344,566700
2022-07-20,EMBC,26.1299991607666,27.549999237060547,25.530000686645508,27.329999923706055,351200
2022-07-21,EMBC,27.020000457763672,27.469999313354492,26.610000610351562,27.030000686645508,320100
2022-07-22,EMBC,27.149999618530273,27.709999084472656,26.1299991607666,26.399999618530273,350900
2022-07-25,EMBC,26.520000457763672,27.475000381469727,26.520000457763672,27.059999465942383,272900
2022-07-26,EMBC,27.1299991607666,27.7549991607666,26.760000228881836,27.149999618530273,295400
2022-07-27,EMBC,27.18000030517578,27.969999313354492,26.969999313354492,27.84000015258789,450500
2022-07-28,EMBC,28.0,29.350000381469727,27.615999221801758,29.239999771118164,600000
2022-07-29,EMBC,29.190000534057617,29.84000015258789,28.270000457763672,29.43000030517578,663600
2022-08-01,EMBC,28.690000534057617,29.579999923706055,27.719999313354492,29.520000457763672,338000
2022-08-02,EMBC,29.420000076293945,30.549999237060547,29.420000076293945,30.260000228881836,454300
2022-08-03,EMBC,30.280000686645508,31.219999313354492,29.639999389648438,29.8700008392334,375000
2022-08-04,EMBC,29.59000015258789,29.959999084472656,29.299999237060547,29.600000381469727,295400
2022-08-05,EMBC,29.229999542236328,31.059999465942383,29.229999542236328,30.899999618530273,293400
2022-08-08,EMBC,31.040000915527344,31.799999237060547,30.639999389648438,31.030000686645508,298900
2022-08-09,EMBC,30.850000381469727,31.360000610351562,29.549999237060547,30.350000381469727,305500
2022-08-10,EMBC,30.610000610351562,31.290000915527344,30.0,30.010000228881836,442700
2022-08-11,EMBC,30.15999984741211,31.139999389648438,30.0,30.0,238000
2022-08-12,EMBC,30.049999237060547,30.079999923706055,28.559999465942383,28.68000030517578,867400
2022-08-15,EMBC,30.280000686645508,34.09000015258789,30.0,33.41999816894531,853100
2022-08-16,EMBC,33.20000076293945,33.709999084472656,31.405000686645508,32.33000183105469,415300
2022-08-17,EMBC,32.15999984741211,33.08000183105469,31.149999618530273,32.68000030517578,255700
2022-08-18,EMBC,32.91999816894531,33.529998779296875,31.5,33.38999938964844,479400
2022-08-19,EMBC,33.16999816894531,33.529998779296875,31.579999923706055,33.43000030517578,378600
2022-08-22,EMBC,33.08000183105469,33.400001525878906,32.5,32.88999938964844,334700
2022-08-23,EMBC,32.470001220703125,32.88999938964844,31.399999618530273,32.25,285300
2022-08-24,EMBC,31.56999969482422,32.9900016784668,31.56999969482422,32.279998779296875,305700
2022-08-25,EMBC,32.540000915527344,33.064998626708984,32.11000061035156,32.9900016784668,201200
2022-08-26,EMBC,32.7400016784668,34.22999954223633,31.690000534057617,31.81999969482422,422700
2022-08-29,EMBC,31.5,32.08000183105469,31.5,31.6299991607666,234400
2022-08-30,EMBC,31.579999923706055,31.988000869750977,30.780000686645508,31.229999542236328,208200
2022-08-31,EMBC,31.1200008392334,32.310001373291016,30.8799991607666,31.920000076293945,375600
2022-09-01,EMBC,31.610000610351562,33.15999984741211,31.31999969482422,31.989999771118164,423100
2022-09-02,EMBC,32.04999923706055,32.59000015258789,31.139999389648438,31.389999389648438,280600
2022-09-06,EMBC,31.239999771118164,31.59000015258789,30.68000030517578,30.940000534057617,257900
2022-09-07,EMBC,30.90999984741211,32.09000015258789,30.760000228881836,32.02000045776367,221500
2022-09-08,EMBC,31.350000381469727,32.5099983215332,30.520000457763672,32.43000030517578,545300
2022-09-09,EMBC,32.709999084472656,33.12300109863281,32.290000915527344,32.38999938964844,325600
2022-09-12,EMBC,32.68000030517578,34.209999084472656,32.564998626708984,33.06999969482422,484700
2022-09-13,EMBC,32.61000061035156,33.029998779296875,31.719999313354492,31.8799991607666,245200
2022-09-14,EMBC,31.8799991607666,33.099998474121094,31.59000015258789,32.5,593500
2022-09-15,EMBC,32.43000030517578,33.29999923706055,32.22200012207031,32.61000061035156,434600
2022-09-16,EMBC,32.900001525878906,32.900001525878906,31.209999084472656,31.610000610351562,1295000
2022-09-19,EMBC,31.15999984741211,31.81999969482422,31.0,31.43000030517578,511600
2022-09-20,EMBC,31.0,31.139999389648438,29.93000030517578,30.479999542236328,517800
2022-09-21,EMBC,30.389999389648438,31.34000015258789,30.0,30.309999465942383,268900
2022-09-22,EMBC,30.18000030517578,30.3700008392334,29.280000686645508,29.8799991607666,344700
2022-09-23,EMBC,29.950000762939453,30.209999084472656,28.450000762939453,29.270000457763672,505500
2022-09-26,EMBC,29.020000457763672,29.850000381469727,28.43000030517578,28.59000015258789,357600
2022-09-27,EMBC,28.799999237060547,28.9950008392334,28.06999969482422,28.399999618530273,394000
2022-09-28,EMBC,28.40999984741211,29.96500015258789,28.29800033569336,29.600000381469727,357100
2022-09-29,EMBC,29.649999618530273,29.649999618530273,28.739999771118164,29.40999984741211,475400
2022-09-30,EMBC,29.3799991607666,30.389999389648438,28.790000915527344,28.790000915527344,429800
2022-10-03,EMBC,28.8799991607666,28.8799991607666,27.59000015258789,28.200000762939453,459100
2022-10-04,EMBC,28.5,29.670000076293945,28.5,29.649999618530273,580300
2022-10-05,EMBC,29.440000534057617,29.770000457763672,28.450000762939453,29.43000030517578,625700
2022-10-06,EMBC,29.25,29.579999923706055,28.8700008392334,28.979999542236328,360000
2022-10-07,EMBC,28.6299991607666,28.809999465942383,27.690000534057617,27.739999771118164,369300
2022-10-10,EMBC,28.0,28.479999542236328,27.545000076293945,28.3799991607666,279300
2022-10-11,EMBC,28.40999984741211,28.639999389648438,27.520000457763672,28.010000228881836,411600
2022-10-12,EMBC,27.969999313354492,28.420000076293945,27.81999969482422,28.09000015258789,304600
2022-10-13,EMBC,27.729999542236328,29.200000762939453,26.920000076293945,29.020000457763672,495700
2022-10-14,EMBC,29.190000534057617,30.145000457763672,28.364999771118164,28.770000457763672,433400
2022-10-17,EMBC,29.09000015258789,30.290000915527344,28.756999969482422,29.329999923706055,538800
2022-10-18,EMBC,29.850000381469727,30.65999984741211,29.030000686645508,29.190000534057617,401700
2022-10-19,EMBC,28.739999771118164,29.940000534057617,28.110000610351562,28.59000015258789,341600
2022-10-20,EMBC,28.6200008392334,29.299999237060547,28.25,29.149999618530273,431800
2022-10-21,EMBC,28.979999542236328,30.059999465942383,28.885000228881836,29.920000076293945,739700
2022-10-24,EMBC,30.1299991607666,30.405000686645508,29.610000610351562,29.8700008392334,383300
2022-10-25,EMBC,30.1200008392334,31.09000015258789,29.729999542236328,30.600000381469727,959300
2022-10-26,EMBC,31.030000686645508,31.524999618530273,30.684999465942383,30.729999542236328,920900
2022-10-27,EMBC,30.979999542236328,31.450000762939453,30.799999237060547,31.290000915527344,578700
2022-10-28,EMBC,31.540000915527344,31.610000610351562,30.860000610351562,31.100000381469727,616600
2022-10-31,EMBC,30.829999923706055,31.469999313354492,30.684999465942383,30.920000076293945,6539900
2022-11-01,EMBC,31.020000457763672,31.020000457763672,29.46500015258789,30.030000686645508,433200
2022-11-02,EMBC,29.969999313354492,30.219999313354492,28.920000076293945,28.959999084472656,363700
2022-11-03,EMBC,28.540000915527344,28.7549991607666,27.309999465942383,27.989999771118164,530700
2022-11-04,EMBC,28.360000610351562,29.209999084472656,28.010000228881836,29.18000030517578,287200
2022-11-07,EMBC,29.309999465942383,30.190000534057617,28.84000015258789,29.93000030517578,354500
2022-11-08,EMBC,29.920000076293945,30.43000030517578,29.1299991607666,29.780000686645508,351000
2022-11-09,EMBC,29.559999465942383,29.75,28.1200008392334,28.329999923706055,303400
2022-11-10,EMBC,29.440000534057617,31.34000015258789,29.440000534057617,30.75,600800
2022-11-11,EMBC,30.850000381469727,34.310001373291016,30.850000381469727,33.779998779296875,437800
2022-11-14,EMBC,33.61000061035156,34.5099983215332,32.88999938964844,33.650001525878906,450500
2022-11-15,EMBC,34.04999923706055,34.52000045776367,32.869998931884766,33.27000045776367,580800
2022-11-16,EMBC,33.11000061035156,33.595001220703125,32.04999923706055,32.400001525878906,336100
2022-11-17,EMBC,31.860000610351562,32.029998779296875,31.190000534057617,31.600000381469727,268100
2022-11-18,EMBC,32.41999816894531,32.9900016784668,31.540000915527344,31.8700008392334,328200
2022-11-21,EMBC,31.690000534057617,32.560001373291016,31.489999771118164,31.81999969482422,226000
2022-11-22,EMBC,31.81999969482422,32.68000030517578,31.639999389648438,32.63999938964844,224700
2022-11-23,EMBC,32.459999084472656,33.29999923706055,32.2400016784668,32.97999954223633,246000
2022-11-25,EMBC,33.06999969482422,33.119998931884766,32.88999938964844,33.040000915527344,98800
2022-11-28,EMBC,32.88999938964844,33.279998779296875,31.575000762939453,32.0099983215332,255100
2022-11-29,EMBC,31.950000762939453,32.91999816894531,31.6200008392334,32.650001525878906,327100
2022-11-30,EMBC,32.810001373291016,33.380001068115234,31.270000457763672,32.91999816894531,1178700
2022-12-01,EMBC,33.15999984741211,34.08000183105469,32.77000045776367,33.2599983215332,255400
2022-12-02,EMBC,32.79999923706055,33.935001373291016,32.5,33.7599983215332,175900
2022-12-05,EMBC,33.689998626708984,34.25,33.29999923706055,33.83000183105469,208200
2022-12-06,EMBC,33.70000076293945,33.91999816894531,31.860000610351562,32.209999084472656,237300
2022-12-07,EMBC,32.290000915527344,33.665000915527344,32.09000015258789,32.4900016784668,297500
2022-12-08,EMBC,32.4900016784668,33.16999816894531,31.8700008392334,32.130001068115234,390100
2022-12-09,EMBC,32.119998931884766,32.310001373291016,31.600000381469727,31.93000030517578,296400
2022-12-12,EMBC,32.20000076293945,33.72999954223633,31.889999389648438,33.63999938964844,264800
2022-12-13,EMBC,34.439998626708984,35.90999984741211,34.20000076293945,35.47999954223633,684200
2022-12-14,EMBC,35.38999938964844,36.63999938964844,34.84000015258789,35.13999938964844,390200
2022-12-15,EMBC,34.689998626708984,34.939998626708984,32.70000076293945,33.040000915527344,477400
2022-12-16,EMBC,32.5,34.380001068115234,31.889999389648438,33.619998931884766,1461000
2022-12-19,EMBC,33.4900016784668,33.59000015258789,32.41999816894531,32.47999954223633,394300
2022-12-20,EMBC,28.90999984741211,29.899999618530273,24.110000610351562,27.399999618530273,2827600
2022-12-21,EMBC,27.399999618530273,28.53499984741211,26.270000457763672,28.049999237060547,1389700
2022-12-22,EMBC,27.360000610351562,29.649999618530273,27.209999084472656,27.920000076293945,798400
2022-12-23,EMBC,27.770000457763672,28.239999771118164,25.979999542236328,27.520000457763672,667700
2022-12-27,EMBC,27.420000076293945,27.84000015258789,26.81999969482422,26.829999923706055,441700
2022-12-28,EMBC,26.75,27.469999313354492,25.684999465942383,25.829999923706055,922200
2022-12-29,EMBC,25.809999465942383,26.790000915527344,25.600000381469727,25.959999084472656,1062500
2022-12-30,EMBC,25.700000762939453,25.700000762939453,23.6299991607666,25.290000915527344,1143700
2023-01-03,EMBC,25.530000686645508,25.850000381469727,25.040000915527344,25.309999465942383,752700
2023-01-04,EMBC,25.450000762939453,26.84000015258789,25.190000534057617,26.6200008392334,510700
2023-01-05,EMBC,26.3700008392334,26.8700008392334,24.979999542236328,25.139999389648438,850400
2023-01-06,EMBC,24.1299991607666,26.0,23.34000015258789,25.049999237060547,678900
2023-01-09,EMBC,25.3700008392334,25.440000534057617,24.40999984741211,24.510000228881836,726000
2023-01-10,EMBC,24.959999084472656,24.959999084472656,24.110000610351562,24.540000915527344,584500
2023-01-11,EMBC,24.510000228881836,24.670000076293945,23.905000686645508,23.979999542236328,540900
2023-01-12,EMBC,24.010000228881836,24.329999923706055,23.03499984741211,23.170000076293945,761000
2023-01-13,EMBC,23.059999465942383,23.200000762939453,22.309999465942383,23.06999969482422,641000
2023-01-17,EMBC,22.8700008392334,23.729999542236328,22.299999237060547,23.56999969482422,771900
2023-01-18,EMBC,23.65999984741211,24.079999923706055,23.350000381469727,23.790000915527344,691500
2023-01-19,EMBC,23.600000381469727,23.979999542236328,23.239999771118164,23.34000015258789,557900
2023-01-20,EMBC,23.579999923706055,23.829999923706055,22.809999465942383,23.719999313354492,674400
2023-01-23,EMBC,23.809999465942383,24.559999465942383,23.309999465942383,24.510000228881836,556300
2023-01-24,EMBC,24.510000228881836,24.510000228881836,23.389999389648438,23.700000762939453,612300
2023-01-25,EMBC,23.5,25.280000686645508,23.219999313354492,25.209999084472656,891500
2023-01-26,EMBC,25.420000076293945,26.940000534057617,25.40999984741211,26.8799991607666,1367400
2023-01-27,EMBC,26.829999923706055,27.639999389648438,26.3799991607666,27.399999618530273,797400
2023-01-30,EMBC,27.09000015258789,27.100000381469727,25.729999542236328,26.34000015258789,914300
2023-01-31,EMBC,26.34000015258789,27.010000228881836,25.700000762939453,26.389999389648438,13478800
2023-02-01,EMBC,26.34000015258789,27.670000076293945,25.690000534057617,27.360000610351562,580700
2023-02-02,EMBC,27.530000686645508,29.459999084472656,27.469999313354492,28.809999465942383,542800
2023-02-03,EMBC,28.420000076293945,29.489999771118164,27.600000381469727,28.15999984741211,652200
2023-02-06,EMBC,27.979999542236328,28.649999618530273,27.520000457763672,28.440000534057617,452300
2023-02-07,EMBC,28.170000076293945,28.8799991607666,27.81999969482422,28.5,369500
2023-02-08,EMBC,28.280000686645508,28.969999313354492,28.280000686645508,28.65999984741211,395200
2023-02-09,EMBC,29.0,29.350000381469727,27.420000076293945,27.639999389648438,433300
2023-02-10,EMBC,27.729999542236328,28.540000915527344,27.469999313354492,28.510000228881836,590400
2023-02-13,EMBC,28.200000762939453,29.010000228881836,28.200000762939453,28.43000030517578,456400
2023-02-14,EMBC,30.799999237060547,32.43000030517578,29.969999313354492,32.0,2746000
2023-02-15,EMBC,32.029998779296875,33.189998626708984,31.790000915527344,32.77000045776367,830700
2023-02-16,EMBC,33.310001373291016,33.880001068115234,31.020000457763672,31.040000915527344,841900
2023-02-17,EMBC,31.420000076293945,31.989999771118164,30.829999923706055,31.84000015258789,932800
2023-02-21,EMBC,31.709999084472656,32.650001525878906,31.170000076293945,31.209999084472656,677100
2023-02-22,EMBC,31.40999984741211,32.119998931884766,31.209999084472656,31.540000915527344,447100
2023-02-23,EMBC,31.770000457763672,32.290000915527344,31.450000762939453,32.13999938964844,510700
2023-02-24,EMBC,31.3799991607666,32.13999938964844,30.760000228881836,31.290000915527344,479400
2023-02-27,EMBC,31.6299991607666,32.119998931884766,31.34000015258789,31.6299991607666,405600
2023-02-28,EMBC,31.389999389648438,32.5,30.950000762939453,31.950000762939453,611600
2023-03-01,EMBC,32.0099983215332,32.5,31.53499984741211,32.459999084472656,382900
2023-03-02,EMBC,32.18000030517578,33.06999969482422,31.729999542236328,32.0,469300
2023-03-03,EMBC,32.13999938964844,32.20500183105469,31.5,31.739999771118164,381400
2023-03-06,EMBC,31.68000030517578,31.700000762939453,30.229999542236328,30.479999542236328,493100
2023-03-07,EMBC,30.510000228881836,31.469999313354492,30.360000610351562,31.18000030517578,415000
2023-03-08,EMBC,31.280000686645508,31.280000686645508,30.40999984741211,30.829999923706055,297000
2023-03-09,EMBC,30.84000015258789,31.149999618530273,30.350000381469727,30.440000534057617,516200
2023-03-10,EMBC,30.43000030517578,30.594999313354492,29.68000030517578,30.270000457763672,377300
2023-03-13,EMBC,29.739999771118164,30.610000610351562,28.979999542236328,29.040000915527344,546500
2023-03-14,EMBC,29.899999618530273,30.450000762939453,29.280000686645508,29.829999923706055,362100
2023-03-15,EMBC,29.110000610351562,30.09000015258789,28.959999084472656,30.010000228881836,558300
2023-03-16,EMBC,29.6200008392334,30.1200008392334,29.010000228881836,29.530000686645508,343400
2023-03-17,EMBC,29.270000457763672,30.40999984741211,29.135000228881836,29.809999465942383,2255900
2023-03-20,EMBC,29.8700008392334,30.25,29.489999771118164,29.670000076293945,334000
2023-03-21,EMBC,29.8700008392334,31.110000610351562,29.850000381469727,31.06999969482422,363300
2023-03-22,EMBC,31.010000228881836,31.139999389648438,29.260000228881836,29.299999237060547,419700
2023-03-23,EMBC,29.559999465942383,30.020000457763672,29.219999313354492,29.43000030517578,244700
2023-03-24,EMBC,29.170000076293945,30.450000762939453,29.020000457763672,30.3799991607666,379600
2023-03-27,EMBC,30.829999923706055,31.344999313354492,30.229999542236328,30.510000228881836,263700
2023-03-28,EMBC,30.31999969482422,30.665000915527344,29.020000457763672,29.020000457763672,548700
2023-03-29,EMBC,29.479999542236328,29.479999542236328,28.084999084472656,28.1200008392334,432600
2023-03-30,EMBC,28.479999542236328,28.770000457763672,27.81999969482422,27.940000534057617,311100
2023-03-31,EMBC,28.15999984741211,28.3799991607666,27.950000762939453,28.1200008392334,656700
2023-04-03,EMBC,28.18000030517578,28.43000030517578,27.219999313354492,27.270000457763672,363800
2023-04-04,EMBC,27.31999969482422,27.459999084472656,26.329999923706055,27.360000610351562,498300
2023-04-05,EMBC,27.299999237060547,28.5,26.854999542236328,28.3799991607666,477300
2023-04-06,EMBC,28.790000915527344,28.90999984741211,27.690000534057617,28.360000610351562,291200
2023-04-10,EMBC,28.139999389648438,28.950000762939453,27.950000762939453,28.8799991607666,345800
2023-04-11,EMBC,29.040000915527344,29.329999923706055,28.809999465942383,29.200000762939453,288600
2023-04-12,EMBC,29.399999618530273,29.399999618530273,28.350000381469727,28.40999984741211,279700
2023-04-13,EMBC,28.59000015258789,28.81999969482422,28.21500015258789,28.510000228881836,239300
2023-04-14,EMBC,28.600000381469727,28.829999923706055,27.93000030517578,28.190000534057617,258200
2023-04-17,EMBC,28.190000534057617,28.540000915527344,28.010000228881836,28.34000015258789,151000
2023-04-18,EMBC,28.450000762939453,28.65999984741211,28.06999969482422,28.639999389648438,189300
2023-04-19,EMBC,28.639999389648438,29.270000457763672,28.530000686645508,29.219999313354492,235800
2023-04-20,EMBC,29.040000915527344,29.399999618530273,28.530000686645508,29.290000915527344,213600
2023-04-21,EMBC,29.350000381469727,29.6200008392334,28.8799991607666,29.459999084472656,247000
2023-04-24,EMBC,29.389999389648438,29.510000228881836,28.579999923706055,28.770000457763672,265200
2023-04-25,EMBC,28.549999237060547,28.81999969482422,27.049999237060547,27.670000076293945,396500
2023-04-26,EMBC,27.649999618530273,27.8799991607666,26.68000030517578,27.360000610351562,294800
2023-04-27,EMBC,27.399999618530273,27.65999984741211,27.15999984741211,27.450000762939453,238200
2023-04-28,EMBC,27.5,28.030000686645508,27.145000457763672,27.75,285100
2023-05-01,EMBC,27.65999984741211,29.1200008392334,27.43000030517578,28.93000030517578,295300
2023-05-02,EMBC,28.850000381469727,28.959999084472656,28.110000610351562,28.31999969482422,226200
2023-05-03,EMBC,28.329999923706055,29.709999084472656,28.329999923706055,29.049999237060547,291400
2023-05-04,EMBC,28.920000076293945,28.920000076293945,27.475000381469727,28.520000457763672,315200
2023-05-05,EMBC,29.040000915527344,30.209999084472656,28.062999725341797,29.15999984741211,383200
2023-05-08,EMBC,28.989999771118164,29.479999542236328,28.71500015258789,29.329999923706055,210100
2023-05-09,EMBC,29.149999618530273,29.4950008392334,28.440000534057617,29.260000228881836,212100
2023-05-10,EMBC,29.760000228881836,29.760000228881836,29.020000457763672,29.579999923706055,141100
2023-05-11,EMBC,29.209999084472656,29.719999313354492,28.889999389648438,28.920000076293945,322300
2023-05-12,EMBC,31.389999389648438,32.0,28.030000686645508,30.690000534057617,805200
2023-05-15,EMBC,30.799999237060547,30.799999237060547,28.639999389648438,28.709999084472656,456000
2023-05-16,EMBC,28.510000228881836,29.0,27.584999084472656,28.84000015258789,434800
2023-05-17,EMBC,28.899999618530273,29.420000076293945,27.600000381469727,27.950000762939453,369500
2023-05-18,EMBC,27.760000228881836,28.690000534057617,27.25,28.459999084472656,530100
2023-05-19,EMBC,28.760000228881836,28.760000228881836,26.809999465942383,27.049999237060547,479300
2023-05-22,EMBC,26.979999542236328,27.31999969482422,26.600000381469727,26.850000381469727,351300
2023-05-23,EMBC,26.81999969482422,28.989999771118164,26.559999465942383,28.68000030517578,558800
2023-05-24,EMBC,28.399999618530273,28.520000457763672,27.290000915527344,27.969999313354492,349700
2023-05-25,EMBC,27.5,28.190000534057617,26.719999313354492,27.219999313354492,328500
2023-05-26,EMBC,26.979999542236328,27.81999969482422,26.6200008392334,26.899999618530273,288600
2023-05-30,EMBC,26.40999984741211,27.520000457763672,26.389999389648438,27.360000610351562,282300
2023-05-31,EMBC,27.260000228881836,27.90999984741211,26.885000228881836,27.670000076293945,511100
2023-06-01,EMBC,27.639999389648438,27.639999389648438,26.440000534057617,26.8799991607666,480900
2023-06-02,EMBC,27.09000015258789,27.559999465942383,26.3700008392334,27.34000015258789,297100
2023-06-05,EMBC,27.18000030517578,27.18000030517578,25.934999465942383,26.209999084472656,428000
2023-06-06,EMBC,26.170000076293945,27.520000457763672,26.135000228881836,27.155000686645508,370500
2023-06-07,EMBC,27.15999984741211,28.360000610351562,27.079999923706055,28.209999084472656,472600
2023-06-08,EMBC,28.0,28.0,26.139999389648438,26.360000610351562,523400
2023-06-09,EMBC,26.270000457763672,27.43000030517578,25.450000762939453,25.5,454500
2023-06-12,EMBC,25.459999084472656,26.790000915527344,24.760000228881836,24.920000076293945,510000
2023-06-13,EMBC,24.920000076293945,25.854999542236328,24.920000076293945,25.459999084472656,359900
2023-06-14,EMBC,25.56999969482422,25.81999969482422,24.850000381469727,25.1200008392334,415500
2023-06-15,EMBC,25.1200008392334,26.309999465942383,24.860000610351562,26.290000915527344,401300
2023-06-16,EMBC,26.579999923706055,26.579999923706055,24.100000381469727,24.989999771118164,2579700
2023-06-20,EMBC,24.969999313354492,25.565000534057617,24.579999923706055,24.799999237060547,438200
2023-06-21,EMBC,24.6200008392334,24.93000030517578,24.260000228881836,24.610000610351562,267900
2023-06-22,EMBC,24.56999969482422,25.100000381469727,24.235000610351562,24.770000457763672,303200
2023-06-23,EMBC,24.5,24.815000534057617,23.940000534057617,23.969999313354492,1754000
2023-06-26,EMBC,23.81999969482422,24.06399917602539,23.5,23.700000762939453,295800
2023-06-27,EMBC,23.56999969482422,23.635000228881836,23.149999618530273,23.270000457763672,321800
2023-06-28,EMBC,23.15999984741211,23.2549991607666,22.860000610351562,22.90999984741211,192100
2023-06-29,EMBC,22.709999084472656,22.8799991607666,22.139999389648438,22.579999923706055,891200
2023-06-30,EMBC,22.829999923706055,23.05500030517578,21.549999237060547,21.600000381469727,782600
2023-07-03,EMBC,21.5,21.520000457763672,20.8700008392334,21.0,597000
2023-07-05,EMBC,20.799999237060547,20.829999923706055,20.190000534057617,20.790000915527344,726500
2023-07-06,EMBC,20.719999313354492,20.940000534057617,20.229999542236328,20.270000457763672,537500
2023-07-07,EMBC,20.200000762939453,20.604000091552734,20.030000686645508,20.3799991607666,387700
2023-07-10,EMBC,20.299999237060547,21.030000686645508,20.059999465942383,20.84000015258789,337200
2023-07-11,EMBC,20.829999923706055,21.049999237060547,20.30500030517578,20.450000762939453,367300
2023-07-12,EMBC,20.670000076293945,21.049999237060547,20.200000762939453,20.229999542236328,380300
2023-07-13,EMBC,20.200000762939453,20.78499984741211,20.100000381469727,20.489999771118164,425400
2023-07-14,EMBC,20.489999771118164,21.420000076293945,20.399999618530273,21.34000015258789,1617800
2023-07-17,EMBC,21.229999542236328,21.364999771118164,19.990999221801758,20.219999313354492,786200
2023-07-18,EMBC,20.100000381469727,20.399999618530273,19.899999618530273,20.059999465942383,526400
2023-07-19,EMBC,20.09000015258789,20.200000762939453,19.514999389648438,19.75,690400
2023-07-20,EMBC,19.760000228881836,20.110000610351562,19.75,19.760000228881836,362200
2023-07-21,EMBC,19.84000015258789,20.479999542236328,19.760000228881836,20.440000534057617,580100
2023-07-24,EMBC,20.530000686645508,20.760000228881836,19.93000030517578,20.260000228881836,463000
2023-07-25,EMBC,20.25,21.270000457763672,20.18000030517578,20.959999084472656,679700
2023-07-26,EMBC,20.979999542236328,21.59000015258789,20.979999542236328,21.290000915527344,757000
2023-07-27,EMBC,21.360000610351562,21.579999923706055,21.139999389648438,21.200000762939453,584500
2023-07-28,EMBC,21.200000762939453,21.950000762939453,21.079999923706055,21.280000686645508,508400
2023-07-31,EMBC,21.239999771118164,21.959999084472656,21.239999771118164,21.34000015258789,419000
2023-08-01,EMBC,21.209999084472656,21.389999389648438,20.93000030517578,21.170000076293945,423600
2023-08-02,EMBC,20.950000762939453,21.204999923706055,20.77199935913086,20.979999542236328,565100
2023-08-03,EMBC,20.920000076293945,21.479999542236328,20.7549991607666,21.290000915527344,468600
2023-08-04,EMBC,21.239999771118164,21.780000686645508,21.239999771118164,21.43000030517578,522100
2023-08-07,EMBC,21.450000762939453,21.81999969482422,21.350000381469727,21.610000610351562,566800
2023-08-08,EMBC,23.690000534057617,23.75,21.600000381469727,22.170000076293945,2130400
2023-08-09,EMBC,22.06999969482422,22.15999984741211,21.399999618530273,21.5,1296800
2023-08-10,EMBC,21.670000076293945,21.889999389648438,20.799999237060547,20.81999969482422,1148900
2023-08-11,EMBC,21.8700008392334,22.15999984741211,20.700000762939453,20.829999923706055,938400
2023-08-14,EMBC,20.719999313354492,21.045000076293945,20.329999923706055,20.600000381469727,628700
2023-08-15,EMBC,20.489999771118164,20.700000762939453,19.520000457763672,19.68000030517578,472400
2023-08-16,EMBC,19.540000915527344,19.704999923706055,18.850000381469727,18.8799991607666,571000
2023-08-17,EMBC,18.850000381469727,19.045000076293945,18.489999771118164,18.549999237060547,595800
2023-08-18,EMBC,18.520000457763672,18.6299991607666,17.959999084472656,18.200000762939453,550600
2023-08-21,EMBC,18.09000015258789,18.389999389648438,17.15999984741211,17.170000076293945,545800
2023-08-22,EMBC,17.209999084472656,17.559999465942383,17.190000534057617,17.229999542236328,747600
2023-08-23,EMBC,17.25,18.049999237060547,17.149999618530273,17.649999618530273,525800
2023-08-24,EMBC,17.280000686645508,17.43000030517578,16.690000534057617,16.940000534057617,520600
2023-08-25,EMBC,17.079999923706055,17.510000228881836,16.959999084472656,17.139999389648438,353300
2023-08-28,EMBC,17.170000076293945,17.530000686645508,17.165000915527344,17.450000762939453,451900
2023-08-29,EMBC,17.520000457763672,18.25,17.270000457763672,18.110000610351562,652700
2023-08-30,EMBC,18.06999969482422,18.690000534057617,18.06999969482422,18.350000381469727,432700
2023-08-31,EMBC,18.360000610351562,18.459999084472656,17.934999465942383,18.329999923706055,625200
2023-09-01,EMBC,18.420000076293945,18.979999542236328,18.170000076293945,18.239999771118164,411700
2023-09-05,EMBC,17.920000076293945,18.639999389648438,17.770000457763672,18.059999465942383,467100
2023-09-06,EMBC,18.06999969482422,18.100000381469727,17.649999618530273,18.100000381469727,530400
2023-09-07,EMBC,17.5,17.614999771118164,15.524999618530273,15.710000038146973,1016300
2023-09-08,EMBC,15.670000076293945,16.229999542236328,15.20300006866455,15.9399995803833,1003200
2023-09-11,EMBC,16.450000762939453,17.155000686645508,16.1200008392334,16.170000076293945,672800
2023-09-12,EMBC,16.34000015258789,16.940000534057617,16.229999542236328,16.709999084472656,590000
2023-09-13,EMBC,16.59000015258789,17.270000457763672,16.295000076293945,16.579999923706055,504300
2023-09-14,EMBC,16.780000686645508,17.13800048828125,16.434999465942383,16.489999771118164,375600
2023-09-15,EMBC,16.510000228881836,16.520000457763672,15.859999656677246,16.290000915527344,1362900
2023-09-18,EMBC,16.239999771118164,16.3700008392334,15.859999656677246,16.270000457763672,351600
2023-09-19,EMBC,16.200000762939453,16.809999465942383,16.110000610351562,16.290000915527344,375100
2023-09-20,EMBC,16.3799991607666,16.559999465942383,15.699999809265137,15.729999542236328,415300
2023-09-21,EMBC,15.619999885559082,15.850000381469727,15.239999771118164,15.479999542236328,361400
2023-09-22,EMBC,15.550000190734863,15.604999542236328,15.15999984741211,15.170000076293945,488300
2023-09-25,EMBC,15.119999885559082,15.5600004196167,15.0600004196167,15.300000190734863,354800
2023-09-26,EMBC,15.300000190734863,15.369999885559082,15.0,15.220000267028809,707900
2023-09-27,EMBC,15.300000190734863,15.550000190734863,14.890000343322754,15.220000267028809,551200
2023-09-28,EMBC,15.199999809265137,15.6899995803833,14.710000038146973,15.0,644600
2023-09-29,EMBC,15.130000114440918,15.404999732971191,14.930000305175781,15.050000190734863,372400
2023-10-02,EMBC,14.949999809265137,15.180000305175781,14.550000190734863,14.6899995803833,479800
2023-10-03,EMBC,14.529999732971191,14.600000381469727,12.720000267028809,12.869999885559082,675200
2023-10-04,EMBC,12.819999694824219,13.329999923706055,12.819999694824219,13.300000190734863,595200
2023-10-05,EMBC,13.270000457763672,13.829999923706055,13.149999618530273,13.710000038146973,587400
2023-10-06,EMBC,13.529999732971191,14.125,13.248000144958496,14.0600004196167,388300
2023-10-09,EMBC,14.0,14.699999809265137,13.954999923706055,14.6899995803833,547200
2023-10-10,EMBC,14.6899995803833,15.039999961853027,14.489999771118164,15.010000228881836,633600
2023-10-11,EMBC,15.0,15.119999885559082,14.5,15.109999656677246,470700
2023-10-12,EMBC,15.039999961853027,15.6899995803833,14.90999984741211,15.239999771118164,550500
2023-10-13,EMBC,15.25,15.649999618530273,15.079999923706055,15.300000190734863,483400
2023-10-16,EMBC,15.4399995803833,16.09000015258789,15.270000457763672,15.8100004196167,649400
2023-10-17,EMBC,15.739999771118164,16.18000030517578,15.493000030517578,15.59000015258789,557700
2023-10-18,EMBC,15.079999923706055,15.739999771118164,15.079999923706055,15.40999984741211,613900
2023-10-19,EMBC,15.4399995803833,16.06999969482422,15.289999961853027,15.319999694824219,973500
2023-10-20,EMBC,15.329999923706055,15.869999885559082,15.220000267028809,15.5,705500
2023-10-23,EMBC,15.470000267028809,15.75,15.0600004196167,15.510000228881836,838900
2023-10-24,EMBC,15.619999885559082,16.479999542236328,15.510000228881836,16.40999984741211,558700
2023-10-25,EMBC,16.1200008392334,16.2549991607666,14.90999984741211,14.930000305175781,419500
2023-10-26,EMBC,14.819999694824219,15.3100004196167,14.569999694824219,14.869999885559082,543900
2023-10-27,EMBC,15.050000190734863,15.180000305175781,14.449999809265137,14.75,424200
2023-10-30,EMBC,14.850000381469727,15.260000228881836,14.720000267028809,15.25,462500
2023-10-31,EMBC,15.229999542236328,15.770000457763672,15.015000343322754,15.119999885559082,478000
2023-11-01,EMBC,15.050000190734863,15.579999923706055,14.6899995803833,15.170000076293945,357300
2023-11-02,EMBC,15.319999694824219,15.970000267028809,15.239999771118164,15.569999694824219,737000
2023-11-03,EMBC,16.010000228881836,16.73900032043457,15.989999771118164,16.209999084472656,359800
2023-11-06,EMBC,16.1299991607666,16.25,15.609999656677246,15.680000305175781,1111900
2023-11-07,EMBC,15.75,15.760000228881836,15.40999984741211,15.529999732971191,534600
2023-11-08,EMBC,15.529999732971191,15.529999732971191,15.020000457763672,15.350000381469727,539900
2023-11-09,EMBC,15.470000267028809,15.470000267028809,14.390000343322754,14.670000076293945,330700
2023-11-10,EMBC,14.729999542236328,14.920000076293945,14.239999771118164,14.8100004196167,446800
2023-11-13,EMBC,14.8100004196167,15.369999885559082,14.630000114440918,14.819999694824219,292900
2023-11-14,EMBC,15.390000343322754,16.260000228881836,15.300000190734863,15.899999618530273,832200
2023-11-15,EMBC,15.829999923706055,16.865999221801758,15.829999923706055,16.40999984741211,555000
2023-11-16,EMBC,16.459999084472656,16.579999923706055,16.040000915527344,16.399999618530273,310000
2023-11-17,EMBC,16.540000915527344,16.844999313354492,16.385000228881836,16.6299991607666,451500
2023-11-20,EMBC,16.420000076293945,16.719999313354492,16.18000030517578,16.329999923706055,601100
2023-11-21,EMBC,16.020000457763672,17.540000915527344,15.930999755859375,17.059999465942383,1110100
2023-11-22,EMBC,17.469999313354492,17.850000381469727,16.93000030517578,17.6200008392334,606600
2023-11-24,EMBC,17.670000076293945,17.670000076293945,17.229999542236328,17.489999771118164,192800
2023-11-27,EMBC,17.34000015258789,17.829999923706055,17.290000915527344,17.3799991607666,358600
2023-11-28,EMBC,17.209999084472656,17.59000015258789,16.850000381469727,17.510000228881836,1532200
2023-11-29,EMBC,17.760000228881836,18.229999542236328,17.75,18.100000381469727,557100
2023-11-30,EMBC,18.25,18.670000076293945,18.06999969482422,18.34000015258789,534300
2023-12-01,EMBC,18.010000228881836,18.690000534057617,17.8799991607666,18.420000076293945,748400
2023-12-04,EMBC,18.260000228881836,18.739999771118164,18.139999389648438,18.719999313354492,679900
2023-12-05,EMBC,18.719999313354492,18.78499984741211,18.049999237060547,18.059999465942383,303200
2023-12-06,EMBC,18.1299991607666,18.44099998474121,17.6200008392334,17.6299991607666,280700
2023-12-07,EMBC,17.579999923706055,17.905000686645508,17.149999618530273,17.40999984741211,525600
2023-12-08,EMBC,17.40999984741211,18.219999313354492,17.40999984741211,17.899999618530273,330400
2023-12-11,EMBC,17.850000381469727,18.209999084472656,17.4950008392334,17.639999389648438,579000
2023-12-12,EMBC,17.739999771118164,17.739999771118164,17.059999465942383,17.09000015258789,320700
2023-12-13,EMBC,16.989999771118164,18.010000228881836,16.950000762939453,17.90999984741211,391400
2023-12-14,EMBC,18.350000381469727,18.799999237060547,17.780000686645508,17.889999389648438,591800
2023-12-15,EMBC,18.049999237060547,18.639999389648438,17.239999771118164,17.350000381469727,2320400
2023-12-18,EMBC,17.450000762939453,17.719999313354492,17.229999542236328,17.59000015258789,639200
2023-12-19,EMBC,17.809999465942383,18.020000457763672,17.520000457763672,17.889999389648438,711500
2023-12-20,EMBC,17.829999923706055,19.200000762939453,17.5,17.81999969482422,734000
2023-12-21,EMBC,18.1200008392334,18.690000534057617,17.59000015258789,18.670000076293945,413000
2023-12-22,EMBC,18.6299991607666,18.860000610351562,18.190000534057617,18.3799991607666,293500
2023-12-26,EMBC,18.3799991607666,19.06999969482422,18.270000457763672,18.899999618530273,215900
2023-12-27,EMBC,18.829999923706055,19.149999618530273,18.700000762939453,18.8700008392334,206100
2023-12-28,EMBC,18.81999969482422,19.170000076293945,18.59000015258789,19.09000015258789,344400
2023-12-29,EMBC,18.93000030517578,19.299999237060547,18.649999618530273,18.93000030517578,446200
2024-01-02,EMBC,18.639999389648438,19.790000915527344,18.489999771118164,19.06999969482422,508500
2024-01-03,EMBC,18.989999771118164,19.010000228881836,18.110000610351562,18.290000915527344,538300
2024-01-04,EMBC,18.420000076293945,18.809999465942383,18.270000457763672,18.420000076293945,294800
2024-01-05,EMBC,18.200000762939453,18.549999237060547,18.149999618530273,18.239999771118164,182600
2024-01-08,EMBC,18.25,19.329999923706055,18.200000762939453,19.329999923706055,438600
2024-01-09,EMBC,19.15999984741211,19.25,18.43000030517578,18.469999313354492,302700
2024-01-10,EMBC,18.450000762939453,18.670000076293945,18.260000228881836,18.399999618530273,222000
2024-01-11,EMBC,18.440000534057617,18.514999389648438,17.56999969482422,17.575000762939453,381400
2024-01-12,EMBC,17.760000228881836,17.799999237060547,17.229999542236328,17.25,281000
2024-01-16,EMBC,17.079999923706055,17.40999984741211,16.950000762939453,17.229999542236328,346200
2024-01-17,EMBC,16.920000076293945,17.15999984741211,16.53499984741211,16.780000686645508,372300
2024-01-18,EMBC,16.899999618530273,17.200000762939453,16.46500015258789,17.020000457763672,233400
2024-01-19,EMBC,17.110000610351562,17.15999984741211,16.739999771118164,16.93000030517578,233600
2024-01-22,EMBC,17.010000228881836,17.34600067138672,16.920000076293945,16.979999542236328,362300
2024-01-23,EMBC,17.09000015258789,17.18000030517578,16.520000457763672,16.780000686645508,282400
2024-01-24,EMBC,17.059999465942383,17.290000915527344,16.774999618530273,16.8700008392334,271400
2024-01-25,EMBC,17.079999923706055,17.280000686645508,16.770000457763672,16.920000076293945,230900
2024-01-26,EMBC,16.969999313354492,17.479999542236328,16.90999984741211,17.299999237060547,456800
2024-01-29,EMBC,17.299999237060547,17.454999923706055,16.729999542236328,16.860000610351562,493100
2024-01-30,EMBC,16.81999969482422,17.170000076293945,16.78499984741211,17.110000610351562,461200
2024-01-31,EMBC,17.1299991607666,17.610000610351562,17.0,17.139999389648438,329400
2024-02-01,EMBC,17.1299991607666,17.65999984741211,16.989999771118164,17.540000915527344,210000
2024-02-02,EMBC,17.31999969482422,17.31999969482422,16.985000610351562,17.09000015258789,332400
2024-02-05,EMBC,17.0,17.1200008392334,16.371000289916992,16.56999969482422,367900
2024-02-06,EMBC,16.579999923706055,17.600000381469727,16.489999771118164,17.399999618530273,315400
2024-02-07,EMBC,17.450000762939453,17.709999084472656,17.239999771118164,17.459999084472656,256400
2024-02-08,EMBC,17.43000030517578,17.84000015258789,17.149999618530273,17.760000228881836,339600
2024-02-09,EMBC,17.829999923706055,17.989999771118164,14.659000396728516,16.2549991607666,1870800
2024-02-12,EMBC,16.25,16.309999465942383,14.65999984741211,14.970000267028809,1152200
2024-02-13,EMBC,14.739999771118164,14.779999732971191,13.930000305175781,14.25,989700
2024-02-14,EMBC,14.380000114440918,14.949999809265137,13.960000038146973,14.539999961853027,499000
2024-02-15,EMBC,14.720000267028809,14.970000267028809,14.569999694824219,14.779999732971191,452300
2024-02-16,EMBC,14.65999984741211,14.720000267028809,14.329999923706055,14.479999542236328,452100
2024-02-20,EMBC,14.1899995803833,14.600000381469727,14.140000343322754,14.300000190734863,495500
2024-02-21,EMBC,14.1899995803833,14.970000267028809,14.119999885559082,14.949999809265137,302000
2024-02-22,EMBC,14.970000267028809,14.989999771118164,14.460000038146973,14.75,312400
2024-02-23,EMBC,14.699999809265137,14.944999694824219,14.34000015258789,14.84000015258789,381500
2024-02-26,EMBC,14.850000381469727,15.010000228881836,14.1899995803833,14.569999694824219,550600
2024-02-27,EMBC,14.420000076293945,14.75,14.142999649047852,14.420000076293945,667700
2024-02-28,EMBC,14.260000228881836,14.305000305175781,13.824999809265137,14.020000457763672,402200
2024-02-29,EMBC,14.15999984741211,14.479999542236328,14.0600004196167,14.279999732971191,560400
2024-03-01,EMBC,14.25,14.529999732971191,14.15999984741211,14.15999984741211,280800
2024-03-04,EMBC,14.109999656677246,14.229999542236328,13.869999885559082,13.890000343322754,251600
2024-03-05,EMBC,13.800000190734863,13.970000267028809,13.460000038146973,13.470000267028809,262700
2024-03-06,EMBC,13.640000343322754,13.75,13.369999885559082,13.470000267028809,258100
2024-03-07,EMBC,13.649999618530273,14.029999732971191,13.529999732971191,13.899999618530273,285100
2024-03-08,EMBC,14.069999694824219,14.15999984741211,13.625,13.770000457763672,291800
2024-03-11,EMBC,13.6899995803833,13.949999809265137,13.640000343322754,13.739999771118164,225000
2024-03-12,EMBC,13.699999809265137,13.960000038146973,13.609999656677246,13.739999771118164,251000
2024-03-13,EMBC,13.739999771118164,14.279999732971191,13.739999771118164,13.989999771118164,235200
2024-03-14,EMBC,13.899999618530273,13.899999618530273,13.220000267028809,13.75,371700
2024-03-15,EMBC,13.399999618530273,13.84000015258789,13.010000228881836,13.229999542236328,1054500
2024-03-18,EMBC,13.1899995803833,13.680000305175781,12.920000076293945,13.319999694824219,464500
2024-03-19,EMBC,13.260000228881836,13.3100004196167,12.729999542236328,12.850000381469727,489700
2024-03-20,EMBC,12.760000228881836,13.085000038146973,12.720999717712402,12.890000343322754,421500
2024-03-21,EMBC,12.979999542236328,13.140000343322754,12.609999656677246,12.989999771118164,531400
2024-03-22,EMBC,13.039999961853027,13.095000267028809,12.399999618530273,12.40999984741211,249300
2024-03-25,EMBC,12.369999885559082,12.6850004196167,12.359999656677246,12.529999732971191,414500
2024-03-26,EMBC,12.529999732971191,12.550000190734863,12.319999694824219,12.350000381469727,301200
2024-03-27,EMBC,12.470000267028809,12.949999809265137,12.454999923706055,12.899999618530273,295700
2024-03-28,EMBC,12.850000381469727,13.600000381469727,12.850000381469727,13.270000457763672,316400
2024-04-01,EMBC,13.239999771118164,13.399999618530273,12.920000076293945,13.109999656677246,352200
2024-04-02,EMBC,12.930000305175781,12.930000305175781,12.609999656677246,12.720000267028809,471500
2024-04-03,EMBC,12.680000305175781,12.75,12.529999732971191,12.649999618530273,348900
2024-04-04,EMBC,12.6899995803833,12.873000144958496,12.539999961853027,12.779999732971191,448700
2024-04-05,EMBC,12.739999771118164,12.8100004196167,12.640000343322754,12.760000228881836,301600
2024-04-08,EMBC,12.90999984741211,12.90999984741211,12.130000114440918,12.140000343322754,355700
2024-04-09,EMBC,12.149999618530273,12.255000114440918,11.760000228881836,11.819999694824219,282300
2024-04-10,EMBC,11.460000038146973,11.649999618530273,11.1899995803833,11.399999618530273,427300
2024-04-11,EMBC,11.430000305175781,11.430000305175781,10.930000305175781,11.010000228881836,374600
2024-04-12,EMBC,10.949999809265137,11.0,10.220000267028809,10.25,413000
2024-04-15,EMBC,10.279999732971191,10.609999656677246,9.925000190734863,10.59000015258789,677200
2024-04-16,EMBC,10.479999542236328,10.529999732971191,10.210000038146973,10.350000381469727,365200
2024-04-17,EMBC,10.350000381469727,10.460000038146973,10.0,10.239999771118164,363300
2024-04-18,EMBC,10.359999656677246,10.59000015258789,10.194999694824219,10.350000381469727,304600
2024-04-19,EMBC,10.300000190734863,10.774999618530273,10.300000190734863,10.619999885559082,576200
2024-04-22,EMBC,10.640000343322754,10.770000457763672,10.510000228881836,10.720000267028809,408600
2024-04-23,EMBC,10.739999771118164,10.979999542236328,10.65999984741211,10.880000114440918,357500
2024-04-24,EMBC,10.770000457763672,10.914999961853027,10.710000038146973,10.890000343322754,284200
2024-04-25,EMBC,10.649999618530273,10.770000457763672,10.329999923706055,10.399999618530273,488900
2024-04-26,EMBC,10.399999618530273,10.619999885559082,10.289999961853027,10.3100004196167,264100
2024-04-29,EMBC,10.289999961853027,10.5600004196167,10.270000457763672,10.4399995803833,239200
2024-04-30,EMBC,10.300000190734863,10.329999923706055,10.079999923706055,10.130000114440918,337900
2024-05-01,EMBC,10.15999984741211,10.470000267028809,10.0,10.130000114440918,290700
2024-05-02,EMBC,10.3100004196167,10.390000343322754,10.100000381469727,10.229999542236328,587200
2024-05-03,EMBC,10.430000305175781,10.5600004196167,10.119999885559082,10.149999618530273,446200
2024-05-06,EMBC,10.229999542236328,10.40999984741211,10.149999618530273,10.390000343322754,314700
2024-05-07,EMBC,10.399999618530273,10.670000076293945,10.399999618530273,10.550000190734863,417600
2024-05-08,EMBC,10.460000038146973,10.65999984741211,10.270000457763672,10.270000457763672,416100
2024-05-09,EMBC,13.279999732971191,15.279999732971191,13.109999656677246,14.15999984741211,2585100
2024-05-10,EMBC,14.5600004196167,15.079999923706055,13.739999771118164,14.239999771118164,812000
2024-05-13,EMBC,14.289999961853027,14.5649995803833,14.149999618530273,14.180000305175781,482200
2024-05-14,EMBC,14.399999618530273,14.640000343322754,14.270000457763672,14.600000381469727,490900
2024-05-15,EMBC,14.779999732971191,14.829999923706055,13.729999542236328,13.75,309900
2024-05-16,EMBC,13.670000076293945,14.199999809265137,13.609999656677246,14.199999809265137,283600
2024-05-17,EMBC,14.279999732971191,14.630000114440918,13.960000038146973,14.449999809265137,382900
2024-05-20,EMBC,14.40999984741211,14.569999694824219,13.899999618530273,13.930000305175781,297100
2024-05-21,EMBC,13.890000343322754,14.0,13.520000457763672,13.6899995803833,397400
2024-05-22,EMBC,13.640000343322754,14.0,13.53499984741211,13.569999694824219,287200
2024-05-23,EMBC,13.649999618530273,13.720000267028809,12.890000343322754,12.989999771118164,473000
2024-05-24,EMBC,12.779999732971191,13.279999732971191,12.779999732971191,13.130000114440918,311500
2024-05-28,EMBC,12.979999542236328,13.444999694824219,12.930000305175781,13.09000015258789,428300
2024-05-29,EMBC,12.859999656677246,12.949999809265137,12.5600004196167,12.739999771118164,316000
2024-05-30,EMBC,12.880000114440918,12.960000038146973,12.404999732971191,12.430000305175781,233900
2024-05-31,EMBC,12.430000305175781,13.039999961853027,12.270000457763672,12.369999885559082,994600
2024-06-03,EMBC,12.569999694824219,12.859999656677246,12.449999809265137,12.819999694824219,360700
2024-06-04,EMBC,12.739999771118164,12.944999694824219,12.649999618530273,12.84000015258789,203000
2024-06-05,EMBC,12.920000076293945,13.220000267028809,12.550000190734863,12.920000076293945,191500
2024-06-06,EMBC,12.8100004196167,13.164999961853027,12.800000190734863,12.8100004196167,337300
2024-06-07,EMBC,12.619999885559082,12.730999946594238,12.229999542236328,12.4399995803833,276200
2024-06-10,EMBC,12.3100004196167,12.319999694824219,11.890000343322754,12.220000267028809,321600
2024-06-11,EMBC,12.210000038146973,12.430000305175781,12.0,12.420000076293945,294600
2024-06-12,EMBC,12.779999732971191,13.074999809265137,12.65999984741211,12.789999961853027,323400
2024-06-13,EMBC,12.75,13.100000381469727,12.479999542236328,13.0600004196167,225800
2024-06-14,EMBC,13.029999732971191,13.130000114440918,12.774999618530273,12.800000190734863,320800
2024-06-17,EMBC,12.619999885559082,12.890000343322754,12.40999984741211,12.569999694824219,290800
2024-06-18,EMBC,12.489999771118164,12.675000190734863,12.399999618530273,12.460000038146973,257100
2024-06-20,EMBC,12.369999885559082,12.609999656677246,12.305000305175781,12.460000038146973,212800
2024-06-21,EMBC,12.479999542236328,12.75,12.4399995803833,12.510000228881836,1550600
2024-06-24,EMBC,12.5,12.805000305175781,12.449999809265137,12.520000457763672,483200
2024-06-25,EMBC,12.5,12.609999656677246,12.170000076293945,12.210000038146973,292700
2024-06-26,EMBC,12.140000343322754,12.279999732971191,12.0,12.270000457763672,374500
2024-06-27,EMBC,12.260000228881836,12.470000267028809,12.130000114440918,12.460000038146973,234700
2024-06-28,EMBC,12.479999542236328,12.789999961853027,12.229999542236328,12.5,1035300
2024-07-01,EMBC,12.529999732971191,12.680000305175781,12.09000015258789,12.149999618530273,286600
2024-07-02,EMBC,12.15999984741211,12.220000267028809,11.845000267028809,11.869999885559082,479500
2024-07-03,EMBC,11.890000343322754,12.140000343322754,11.800000190734863,12.069999694824219,219000
2024-07-05,EMBC,11.770000457763672,12.029999732971191,11.460000038146973,11.460000038146973,340700
2024-07-08,EMBC,11.569999694824219,11.930000305175781,11.569999694824219,11.739999771118164,311700
2024-07-09,EMBC,11.670000076293945,11.914999961853027,11.5600004196167,11.739999771118164,346500
2024-07-10,EMBC,11.84000015258789,12.010000228881836,11.5,12.0,237200
2024-07-11,EMBC,12.550000190734863,14.039999961853027,12.550000190734863,12.770000457763672,634400
2024-07-12,EMBC,12.84000015258789,13.36299991607666,12.630000114440918,13.170000076293945,363000
2024-07-15,EMBC,12.899999618530273,13.100000381469727,12.640000343322754,12.84000015258789,348600
2024-07-16,EMBC,12.949999809265137,13.34000015258789,12.899999618530273,13.199999809265137,349500
2024-07-17,EMBC,13.140000343322754,13.680000305175781,13.053000450134277,13.600000381469727,347800
2024-07-18,EMBC,13.420000076293945,14.020000457763672,13.229999542236328,13.350000381469727,298000
2024-07-19,EMBC,13.380000114440918,13.479999542236328,13.114999771118164,13.170000076293945,295800
2024-07-22,EMBC,14.550000190734863,15.600000381469727,14.4399995803833,15.180000305175781,804600
2024-07-23,EMBC,15.020000457763672,16.530000686645508,14.829999923706055,16.219999313354492,1115700
2024-07-24,EMBC,16.100000381469727,16.440000534057617,15.539999961853027,16.350000381469727,549800
2024-07-25,EMBC,16.290000915527344,16.450000762939453,15.869999885559082,15.869999885559082,462900
2024-07-26,EMBC,16.06999969482422,16.09000015258789,15.420000076293945,15.569999694824219,428800
2024-07-29,EMBC,15.579999923706055,15.829999923706055,15.489999771118164,15.680000305175781,328100
2024-07-30,EMBC,15.59000015258789,16.18000030517578,15.520000457763672,15.75,346900
2024-07-31,EMBC,15.90999984741211,16.200000762939453,15.489999771118164,15.670000076293945,358200
2024-08-01,EMBC,15.640000343322754,15.75,14.8100004196167,15.399999618530273,388500
2024-08-02,EMBC,14.970000267028809,15.329999923706055,14.869999885559082,15.010000228881836,360900
2024-08-05,EMBC,14.369999885559082,14.5649995803833,14.069999694824219,14.140000343322754,325500
2024-08-06,EMBC,14.180000305175781,14.640000343322754,13.9399995803833,14.369999885559082,274800
2024-08-07,EMBC,14.489999771118164,14.699999809265137,13.829999923706055,13.850000381469727,419300
2024-08-08,EMBC,13.859999656677246,14.59000015258789,13.75,14.34000015258789,499800
2024-08-09,EMBC,16.489999771118164,17.329999923706055,15.100000381469727,15.390000343322754,607600
2024-08-12,EMBC,15.350000381469727,15.4399995803833,14.710000038146973,14.75,440400
2024-08-13,EMBC,14.6899995803833,14.850000381469727,14.055000305175781,14.819999694824219,285200
2024-08-14,EMBC,14.75,14.875,14.489999771118164,14.75,231900
2024-08-15,EMBC,15.020000457763672,15.229999542236328,14.470000267028809,14.579999923706055,274700
2024-08-16,EMBC,14.520000457763672,14.600000381469727,14.180000305175781,14.199999809265137,208300
2024-08-19,EMBC,14.1899995803833,14.300000190734863,13.920000076293945,13.989999771118164,321900
2024-08-20,EMBC,13.880000114440918,13.960000038146973,13.460000038146973,13.569999694824219,269600
2024-08-21,EMBC,13.75,13.75,13.350000381469727,13.430000305175781,270800
2024-08-22,EMBC,13.399999618530273,13.449999809265137,12.880000114440918,13.1899995803833,285300
2024-08-23,EMBC,13.300000190734863,14.069999694824219,13.069999694824219,14.0,306800
2024-08-26,EMBC,14.069999694824219,14.430000305175781,13.914999961853027,14.1899995803833,308600
2024-08-27,EMBC,13.90999984741211,14.609999656677246,13.680000305175781,14.609999656677246,281200
2024-08-28,EMBC,14.5600004196167,15.53499984741211,14.404999732971191,15.40999984741211,331100
2024-08-29,EMBC,15.470000267028809,16.510000228881836,15.34000015258789,16.420000076293945,426000
2024-08-30,EMBC,16.56999969482422,16.790000915527344,16.15999984741211,16.34000015258789,352500
2024-09-03,EMBC,16.329999923706055,17.049999237060547,16.25,16.459999084472656,640900
2024-09-04,EMBC,16.280000686645508,16.68000030517578,16.18000030517578,16.440000534057617,864700
2024-09-05,EMBC,16.559999465942383,16.665000915527344,15.069999694824219,15.130000114440918,790300
2024-09-06,EMBC,15.020000457763672,15.71500015258789,15.020000457763672,15.3100004196167,395800
2024-09-09,EMBC,15.079999923706055,15.329999923706055,14.430000305175781,15.319999694824219,439800
2024-09-10,EMBC,15.300000190734863,15.569999694824219,15.180000305175781,15.399999618530273,383700
2024-09-11,EMBC,15.25,15.640000343322754,15.100000381469727,15.569999694824219,250100
2024-09-12,EMBC,15.609999656677246,16.010000228881836,15.470000267028809,15.739999771118164,214800
2024-09-13,EMBC,15.970000267028809,16.649999618530273,15.760000228881836,16.020000457763672,324100
2024-09-16,EMBC,16.110000610351562,16.59000015258789,15.989999771118164,16.469999313354492,384300
2024-09-17,EMBC,16.489999771118164,16.790000915527344,16.18000030517578,16.5,360300
2024-09-18,EMBC,16.440000534057617,16.610000610351562,15.5,15.510000228881836,339900
2024-09-19,EMBC,15.930000305175781,15.960000038146973,15.479999542236328,15.710000038146973,455900
2024-09-20,EMBC,15.649999618530273,16.110000610351562,15.460000038146973,15.609999656677246,1829900
2024-09-23,EMBC,15.579999923706055,15.649999618530273,15.029999732971191,15.229999542236328,243700
2024-09-24,EMBC,15.279999732971191,15.630000114440918,15.039999961853027,15.069999694824219,234800
2024-09-25,EMBC,15.09000015258789,15.156999588012695,14.140000343322754,14.520000457763672,500500
2024-09-26,EMBC,14.65999984741211,15.050000190734863,14.489999771118164,14.529999732971191,447500
2024-09-27,EMBC,14.65999984741211,14.6899995803833,13.904000282287598,14.15999984741211,322900
2024-09-30,EMBC,14.09000015258789,14.380000114440918,13.920000076293945,14.100000381469727,453800
2024-10-01,EMBC,14.0,14.380000114440918,13.890000343322754,14.109999656677246,323500
2024-10-02,EMBC,13.960000038146973,14.180000305175781,13.84000015258789,13.9399995803833,233000
2024-10-03,EMBC,13.760000228881836,13.8100004196167,13.149999618530273,13.289999961853027,236900
2024-10-04,EMBC,13.4399995803833,13.8100004196167,13.399999618530273,13.510000228881836,267700
2024-10-07,EMBC,13.4399995803833,13.539999961853027,13.0600004196167,13.229999542236328,233100
2024-10-08,EMBC,13.229999542236328,13.694999694824219,13.140000343322754,13.65999984741211,500000
2024-10-09,EMBC,13.600000381469727,13.722999572753906,12.859999656677246,13.050000190734863,376300
2024-10-10,EMBC,12.920000076293945,12.960000038146973,12.420000076293945,12.470000267028809,498900
2024-10-11,EMBC,12.479999542236328,12.890000343322754,12.479999542236328,12.819999694824219,673500
2024-10-14,EMBC,12.8100004196167,13.300000190734863,12.710000038146973,13.09000015258789,224300
2024-10-15,EMBC,13.079999923706055,13.694999694824219,12.984999656677246,13.539999961853027,352300
2024-10-16,EMBC,13.6899995803833,13.765000343322754,13.40999984741211,13.699999809265137,223100
2024-10-17,EMBC,13.600000381469727,13.694999694824219,13.494000434875488,13.550000190734863,191700
2024-10-18,EMBC,13.630000114440918,13.821000099182129,13.420000076293945,13.640000343322754,265700
2024-10-21,EMBC,13.59000015258789,14.260000228881836,13.59000015258789,14.029999732971191,268500
2024-10-22,EMBC,13.970000267028809,14.270000457763672,13.859999656677246,14.170000076293945,168800
2024-10-23,EMBC,14.050000190734863,14.229999542236328,13.579999923706055,14.020000457763672,231400
2024-10-24,EMBC,14.050000190734863,14.180000305175781,13.880000114440918,14.050000190734863,211600
2024-10-25,EMBC,14.100000381469727,14.199999809265137,13.819999694824219,13.899999618530273,114700
2024-10-28,EMBC,14.020000457763672,14.199000358581543,13.914999961853027,14.130000114440918,168500
2024-10-29,EMBC,14.069999694824219,14.645000457763672,14.069999694824219,14.470000267028809,211500
2024-10-30,EMBC,14.399999618530273,14.600000381469727,14.25,14.329999923706055,157800
2024-10-31,EMBC,14.3100004196167,14.319999694824219,13.949999809265137,14.079999923706055,153900
2024-11-01,EMBC,14.25,14.399999618530273,13.979999542236328,14.25,134100
2024-11-04,EMBC,14.1899995803833,14.694999694824219,14.020000457763672,14.539999961853027,179300
2024-11-05,EMBC,14.489999771118164,15.0,14.489999771118164,14.970000267028809,195600
2024-11-06,EMBC,15.510000228881836,16.3700008392334,15.5,16.329999923706055,657900
2024-11-07,EMBC,16.229999542236328,16.229999542236328,14.8100004196167,15.289999961853027,363200
2024-11-08,EMBC,15.520000457763672,15.789999961853027,15.119999885559082,15.539999961853027,401300
2024-11-11,EMBC,15.630000114440918,16.190000534057617,15.340999603271484,15.770000457763672,295300
2024-11-12,EMBC,15.670000076293945,15.84000015258789,15.300000190734863,15.569999694824219,219400
2024-11-13,EMBC,15.359999656677246,15.800000190734863,15.0649995803833,15.399999618530273,287800
2024-11-14,EMBC,15.600000381469727,15.640000343322754,14.829999923706055,15.050000190734863,200800
2024-11-15,EMBC,15.260000228881836,15.3100004196167,14.619999885559082,14.619999885559082,318200
2024-11-18,EMBC,14.5600004196167,14.680000305175781,14.239999771118164,14.420000076293945,361500
2024-11-19,EMBC,14.149999618530273,14.1899995803833,13.050000190734863,13.479999542236328,675600
2024-11-20,EMBC,13.390000343322754,13.800000190734863,13.229999542236328,13.609999656677246,359300
2024-11-21,EMBC,13.670000076293945,14.199999809265137,13.670000076293945,14.0,229000
2024-11-22,EMBC,14.0,14.390000343322754,13.479999542236328,13.819999694824219,269600
2024-11-25,EMBC,13.899999618530273,14.800000190734863,13.899999618530273,14.40999984741211,572600
2024-11-26,EMBC,17.18000030517578,20.799999237060547,17.0,18.700000762939453,1872800
2024-11-27,EMBC,19.56999969482422,20.68000030517578,19.100000381469727,20.59000015258789,788100
2024-11-29,EMBC,20.15999984741211,20.860000610351562,19.75,20.829999923706055,366300
2024-12-02,EMBC,21.479999542236328,21.479999542236328,19.770000457763672,20.6200008392334,665100
2024-12-03,EMBC,20.299999237060547,20.610000610351562,19.969999313354492,20.43000030517578,502600
2024-12-04,EMBC,20.440000534057617,20.90999984741211,19.700000762939453,20.5,564500
2024-12-05,EMBC,20.399999618530273,20.68000030517578,19.593000411987305,19.860000610351562,352300
2024-12-06,EMBC,19.440000534057617,19.729999542236328,18.920000076293945,19.239999771118164,430500
2024-12-09,EMBC,19.489999771118164,20.18000030517578,19.264999389648438,19.600000381469727,561100
2024-12-10,EMBC,19.540000915527344,20.25,19.452999114990234,20.209999084472656,371500
2024-12-11,EMBC,20.260000228881836,20.5,19.899999618530273,19.920000076293945,324800
2024-12-12,EMBC,19.889999389648438,20.299999237060547,19.43000030517578,19.68000030517578,305200
2024-12-13,EMBC,19.68000030517578,19.68000030517578,19.239999771118164,19.510000228881836,246500
2024-12-16,EMBC,19.479999542236328,20.020000457763672,19.160999298095703,19.989999771118164,234800
2024-12-17,EMBC,19.81999969482422,20.219999313354492,19.621000289916992,19.81999969482422,359500
2024-12-18,EMBC,19.639999389648438,20.06999969482422,19.0,19.920000076293945,521900
2024-12-19,EMBC,19.93000030517578,20.440000534057617,19.700000762939453,19.969999313354492,494900
2024-12-20,EMBC,19.700000762939453,20.440000534057617,19.299999237060547,20.229999542236328,1407300
2024-12-23,EMBC,20.290000915527344,20.799999237060547,19.959999084472656,20.389999389648438,467500
2024-12-24,EMBC,20.489999771118164,20.549999237060547,20.030000686645508,20.280000686645508,164900
2024-12-26,EMBC,20.030000686645508,20.8700008392334,20.020000457763672,20.829999923706055,316800
2024-12-27,EMBC,20.690000534057617,20.860000610351562,20.290000915527344,20.700000762939453,352100
2024-12-30,EMBC,20.469999313354492,20.75,20.202999114990234,20.5,331900
2024-12-31,EMBC,20.579999923706055,20.979999542236328,20.5,20.649999618530273,348600
2025-01-02,EMBC,20.780000686645508,21.079999923706055,19.982999801635742,20.25,726300
2025-01-03,EMBC,20.219999313354492,20.80299949645996,20.014999389648438,20.510000228881836,603400
2025-01-06,EMBC,20.540000915527344,21.229999542236328,20.4689998626709,20.93000030517578,349000
2025-01-07,EMBC,20.530000686645508,21.100000381469727,19.440000534057617,19.799999237060547,605500
2025-01-08,EMBC,19.700000762939453,20.280000686645508,19.450000762939453,20.25,360900
2025-01-10,EMBC,20.079999923706055,20.079999923706055,19.170000076293945,19.479999542236328,258200
2025-01-13,EMBC,19.479999542236328,19.940000534057617,19.34000015258789,19.90999984741211,339700
2025-01-14,EMBC,20.0,20.399999618530273,19.56999969482422,20.100000381469727,341400
2025-01-15,EMBC,20.6299991607666,20.6299991607666,19.170000076293945,19.389999389648438,468900
2025-01-16,EMBC,19.3799991607666,19.399999618530273,18.549999237060547,18.809999465942383,415200
2025-01-17,EMBC,18.90999984741211,19.020000457763672,18.545000076293945,18.68000030517578,331500
2025-01-21,EMBC,18.809999465942383,19.163000106811523,18.375,18.6299991607666,465100
2025-01-22,EMBC,18.440000534057617,18.809999465942383,18.110000610351562,18.739999771118164,323600
2025-01-23,EMBC,18.799999237060547,19.149999618530273,18.489999771118164,19.1299991607666,353700
2025-01-24,EMBC,19.059999465942383,19.243000030517578,18.59000015258789,18.959999084472656,234600
2025-01-27,EMBC,18.899999618530273,19.670000076293945,18.899999618530273,19.399999618530273,344700
2025-01-28,EMBC,19.40999984741211,19.6200008392334,18.975000381469727,18.979999542236328,196000
2025-01-29,EMBC,18.979999542236328,19.0,18.270999908447266,18.399999618530273,231800
2025-01-30,EMBC,18.6299991607666,18.860000610351562,18.209999084472656,18.360000610351562,172500
2025-01-31,EMBC,18.31999969482422,18.549999237060547,17.739999771118164,17.93000030517578,325200
2025-02-03,EMBC,17.459999084472656,18.25,17.440000534057617,17.950000762939453,388600
2025-02-04,EMBC,17.84000015258789,18.389999389648438,17.739999771118164,18.270000457763672,318000
2025-02-05,EMBC,18.389999389648438,18.579999923706055,18.040000915527344,18.200000762939453,358400
2025-02-06,EMBC,17.239999771118164,18.1200008392334,16.1200008392334,17.729999542236328,620700
2025-02-07,EMBC,17.719999313354492,18.06999969482422,17.084999084472656,17.420000076293945,468100
2025-02-10,EMBC,17.329999923706055,17.75,17.1200008392334,17.4950008392334,672500
2025-02-11,EMBC,17.360000610351562,18.059999465942383,17.315000534057617,17.5,819300
2025-02-12,EMBC,17.200000762939453,17.290000915527344,16.559999465942383,16.6200008392334,377400
2025-02-13,EMBC,16.649999618530273,16.7549991607666,16.079999923706055,16.149999618530273,374400
2025-02-14,EMBC,16.149999618530273,16.270000457763672,14.550000190734863,14.850000381469727,554700
2025-02-18,EMBC,14.800000190734863,15.399999618530273,14.720000267028809,15.300000190734863,460000
2025-02-19,EMBC,15.289999961853027,15.609999656677246,15.050000190734863,15.460000038146973,439200
2025-02-20,EMBC,15.460000038146973,15.720000267028809,14.380000114440918,14.40999984741211,514800
2025-02-21,EMBC,14.470000267028809,14.470000267028809,13.800000190734863,14.100000381469727,955900
2025-02-24,EMBC,14.180000305175781,14.40999984741211,13.680000305175781,13.729999542236328,677800
2025-02-25,EMBC,13.654999732971191,13.8100004196167,13.210000038146973,13.319999694824219,660600
2025-02-26,EMBC,13.6899995803833,14.350000381469727,13.5600004196167,13.920000076293945,659400
2025-02-27,EMBC,13.739999771118164,13.949999809265137,13.260000228881836,13.40999984741211,553100
2025-02-28,EMBC,13.420000076293945,13.5600004196167,13.039999961853027,13.5,654200
2025-03-03,EMBC,13.380000114440918,13.680000305175781,12.829999923706055,12.869999885559082,1162100
2025-03-04,EMBC,12.720000267028809,13.0,12.149999618530273,12.600000381469727,681900
2025-03-05,EMBC,12.569999694824219,13.149999618530273,12.420000076293945,13.0,464500
2025-03-06,EMBC,12.869999885559082,13.149999618530273,12.720000267028809,12.880000114440918,415500
2025-03-07,EMBC,12.869999885559082,13.140000343322754,12.510000228881836,12.75,649100
2025-03-10,EMBC,12.65999984741211,13.970000267028809,12.65999984741211,13.960000038146973,910600
2025-03-11,EMBC,14.0,14.460000038146973,13.350000381469727,14.319999694824219,1028700
2025-03-12,EMBC,14.350000381469727,14.350000381469727,13.300000190734863,13.510000228881836,1026600
2025-03-13,EMBC,13.550000190734863,13.625,12.640000343322754,13.0,672100
2025-03-14,EMBC,13.039999961853027,13.300000190734863,12.760000228881836,13.149999618530273,675700
2025-03-17,EMBC,13.390000343322754,13.755000114440918,13.069999694824219,13.630000114440918,617300
2025-03-18,EMBC,13.489999771118164,13.545000076293945,13.079999923706055,13.479999542236328,460300
2025-03-19,EMBC,13.460000038146973,13.6899995803833,13.3149995803833,13.630000114440918,602200
2025-03-20,EMBC,13.489999771118164,13.59000015258789,13.199999809265137,13.229999542236328,522000
2025-03-21,EMBC,12.989999771118164,13.119999885559082,12.6899995803833,12.819999694824219,1305600
2025-03-24,EMBC,13.020000457763672,13.039999961853027,12.550000190734863,12.859999656677246,575500
2025-03-25,EMBC,12.890000343322754,12.989999771118164,12.640000343322754,12.649999618530273,684000
2025-03-26,EMBC,12.640000343322754,12.640000343322754,12.350000381469727,12.520000457763672,345300
2025-03-27,EMBC,12.520000457763672,12.720000267028809,12.305000305175781,12.430000305175781,335000
2025-03-28,EMBC,12.380000114440918,12.380000114440918,12.069999694824219,12.279999732971191,425100
2025-03-31,EMBC,12.109999656677246,12.880000114440918,11.899999618530273,12.75,571400
2025-04-01,EMBC,12.75,13.1899995803833,12.569999694824219,12.630000114440918,436700
2025-04-02,EMBC,12.420000076293945,12.774999618530273,12.319999694824219,12.520000457763672,466600
2025-04-03,EMBC,12.34000015258789,12.597000122070312,12.170000076293945,12.369999885559082,639700
2025-04-04,EMBC,11.979999542236328,12.239999771118164,11.329999923706055,12.0,1414500
2025-04-07,EMBC,11.34000015258789,12.630000114440918,11.34000015258789,12.09000015258789,931000
2025-04-08,EMBC,12.3100004196167,12.3100004196167,11.1899995803833,11.5,1105300
2025-04-09,EMBC,11.34000015258789,12.65999984741211,11.34000015258789,12.649999618530273,665300
2025-04-10,EMBC,12.260000228881836,12.274999618530273,11.774999618530273,12.010000228881836,439200
2025-04-11,EMBC,12.029999732971191,12.329999923706055,11.579999923706055,12.300000190734863,559900
2025-04-14,EMBC,12.579999923706055,12.579999923706055,11.729999542236328,11.899999618530273,831200
2025-04-15,EMBC,11.829999923706055,12.079999923706055,11.649999618530273,11.90999984741211,513100
2025-04-16,EMBC,11.800000190734863,11.9399995803833,11.229999542236328,11.34000015258789,426400
2025-04-17,EMBC,11.260000228881836,11.390000343322754,11.020000457763672,11.34000015258789,444400
2025-04-21,EMBC,11.199999809265137,11.229999542236328,10.829999923706055,10.90999984741211,406400
2025-04-22,EMBC,11.100000381469727,11.289999961853027,10.95199966430664,11.220000267028809,407500
2025-04-23,EMBC,11.529999732971191,11.779999732971191,11.21500015258789,11.239999771118164,391500
2025-04-24,EMBC,11.350000381469727,11.850000381469727,11.25,11.75,448400
2025-04-25,EMBC,11.760000228881836,11.890000343322754,11.53499984741211,11.880000114440918,254700
2025-04-28,EMBC,11.989999771118164,12.380000114440918,11.835000038146973,12.319999694824219,397000
2025-04-29,EMBC,12.329999923706055,12.5600004196167,12.069999694824219,12.5600004196167,348700
2025-04-30,EMBC,12.449999809265137,12.529999732971191,11.949999809265137,12.1899995803833,370700
2025-05-01,EMBC,12.180000305175781,12.449999809265137,11.90999984741211,12.279999732971191,314100
2025-05-02,EMBC,12.5,12.760000228881836,12.274999618530273,12.729999542236328,261900
2025-05-05,EMBC,12.600000381469727,12.65999984741211,12.4399995803833,12.460000038146973,260100
2025-05-06,EMBC,12.380000114440918,12.510000228881836,12.093999862670898,12.210000038146973,336400
2025-05-07,EMBC,12.289999961853027,12.520000457763672,12.079999923706055,12.470000267028809,368200
2025-05-08,EMBC,12.479999542236328,13.449999809265137,12.479999542236328,13.300000190734863,691200
2025-05-09,EMBC,13.300000190734863,13.375,11.6899995803833,11.970000267028809,975100
2025-05-12,EMBC,12.460000038146973,12.649999618530273,11.970000267028809,12.40999984741211,930400
2025-05-13,EMBC,12.350000381469727,12.710000038146973,12.09000015258789,12.5,532000
2025-05-14,EMBC,12.529999732971191,12.529999732971191,11.539999961853027,11.59000015258789,477700
2025-05-15,EMBC,11.5,11.770000457763672,11.34000015258789,11.65999984741211,524100
2025-05-16,EMBC,11.65999984741211,12.1899995803833,11.630000114440918,12.020000457763672,531300
2025-05-19,EMBC,11.829999923706055,11.960000038146973,11.579999923706055,11.619999885559082,296300
2025-05-20,EMBC,11.710000038146973,12.5600004196167,11.649999618530273,12.289999961853027,1043200
2025-05-21,EMBC,12.09000015258789,12.489999771118164,12.0,12.354999542236328,925700
2025-05-22,EMBC,12.350000381469727,12.350000381469727,10.265000343322754,10.505000114440918,1409800
2025-05-23,EMBC,10.399999618530273,10.770000457763672,10.329999923706055,10.71500015258789,796500
2025-05-27,EMBC,11.069999694824219,11.520000457763672,11.020000457763672,11.260000228881836,872100
2025-05-28,EMBC,11.100000381469727,11.149999618530273,10.444999694824219,10.550000190734863,556700
2025-05-29,EMBC,10.569999694824219,10.784000396728516,10.350000381469727,10.454999923706055,798500
2025-05-30,EMBC,10.449999809265137,10.65999984741211,10.359999656677246,10.529999732971191,833400
2025-06-02,EMBC,10.460000038146973,10.524999618530273,10.199999809265137,10.449999809265137,765600
2025-06-03,EMBC,10.470000267028809,10.75,10.270000457763672,10.609999656677246,593800
2025-06-04,EMBC,10.609999656677246,10.71500015258789,10.390000343322754,10.399999618530273,276000
2025-06-05,EMBC,10.359999656677246,10.4399995803833,9.84000015258789,9.979999542236328,540600
2025-06-06,EMBC,10.010000228881836,10.300000190734863,9.770000457763672,9.789999961853027,661600
2025-06-09,EMBC,9.869999885559082,10.220000267028809,9.760000228881836,9.90999984741211,841300
2025-06-10,EMBC,9.979999542236328,10.399999618530273,9.899999618530273,10.130000114440918,609500
2025-06-11,EMBC,10.199999809265137,10.399999618530273,9.970000267028809,10.109999656677246,774700
2025-06-12,EMBC,10.130000114440918,10.204999923706055,9.920000076293945,10.039999961853027,878100
2025-06-13,EMBC,9.90999984741211,10.140000343322754,9.555000305175781,9.5600004196167,482400
2025-06-16,EMBC,9.579999923706055,10.039999961853027,9.489999771118164,10.039999961853027,685000
2025-06-17,EMBC,9.9399995803833,10.295000076293945,9.654999732971191,9.84000015258789,841700
2025-06-18,EMBC,9.829999923706055,9.970000267028809,9.670000076293945,9.739999771118164,885200
2025-06-20,EMBC,9.84000015258789,9.90999984741211,9.609999656677246,9.770000457763672,1269100
2025-06-23,EMBC,9.729999542236328,9.845000267028809,9.539999961853027,9.819999694824219,712600
2025-06-24,EMBC,9.979999542236328,10.34000015258789,9.75,10.220000267028809,721100
2025-06-25,EMBC,10.25,10.25,9.895000457763672,9.930000305175781,366800
2025-06-26,EMBC,9.90999984741211,9.9399995803833,9.25,9.279999732971191,691400
2025-06-27,EMBC,9.300000190734863,9.680000305175781,9.199999809265137,9.640000343322754,1091500
2025-06-30,EMBC,9.649999618530273,9.729999542236328,9.470000267028809,9.6899995803833,637300
2025-07-01,EMBC,9.600000381469727,10.385000228881836,9.5600004196167,10.260000228881836,919000
2025-07-02,EMBC,10.300000190734863,10.378000259399414,9.960000038146973,10.25,1046000
2025-07-03,EMBC,10.270000457763672,10.350000381469727,10.085000038146973,10.319999694824219,291900
2025-07-07,EMBC,10.210000038146973,10.34000015258789,9.970000267028809,10.029999732971191,639800
2025-07-08,EMBC,10.079999923706055,10.630000114440918,10.069999694824219,10.430000305175781,846700
2025-07-09,EMBC,10.470000267028809,10.649999618530273,10.25,10.600000381469727,365000
2025-07-10,EMBC,10.619999885559082,10.864999771118164,10.5,10.729999542236328,382400
2025-07-11,EMBC,10.640000343322754,10.649999618530273,10.260000228881836,10.470000267028809,397100
2025-07-14,EMBC,10.460000038146973,10.539999961853027,10.265000343322754,10.369999885559082,765400
2025-07-15,EMBC,10.359999656677246,10.489999771118164,9.5600004196167,9.579999923706055,589200
2025-07-16,EMBC,9.680000305175781,9.755000114440918,9.4399995803833,9.75,548400
2025-07-17,EMBC,9.710000038146973,9.994999885559082,9.694999694824219,9.850000381469727,450500
2025-07-18,EMBC,9.970000267028809,10.109999656677246,9.680000305175781,9.779999732971191,469400
2025-07-21,EMBC,9.829999923706055,10.300000190734863,9.800000190734863,10.289999961853027,444200
2025-07-22,EMBC,10.289999961853027,10.84000015258789,10.255000114440918,10.6899995803833,536000
2025-07-23,EMBC,10.850000381469727,11.729999542236328,10.699999809265137,11.630000114440918,754600
2025-07-24,EMBC,11.579999923706055,11.635000228881836,11.347999572753906,11.380000114440918,374300
2025-07-25,EMBC,11.460000038146973,11.765000343322754,11.3149995803833,11.729999542236328,401100
2025-07-28,EMBC,11.760000228881836,11.791000366210938,11.289999961853027,11.329999923706055,489700
2025-07-29,EMBC,11.350000381469727,11.350000381469727,10.739999771118164,10.75,654000
2025-07-30,EMBC,10.760000228881836,10.819999694824219,10.380000114440918,10.449999809265137,514800
2025-07-31,EMBC,10.25,10.407999992370605,9.960000038146973,10.15999984741211,830900
2025-08-01,EMBC,10.119999885559082,10.130000114440918,9.770000457763672,9.960000038146973,673500
2025-08-04,EMBC,10.15999984741211,10.15999984741211,9.760000228881836,9.789999961853027,324400
2025-08-05,EMBC,9.819999694824219,9.970000267028809,9.649999618530273,9.920000076293945,560600
2025-08-06,EMBC,9.880000114440918,10.029999732971191,9.729999542236328,9.869999885559082,581500
2025-08-07,EMBC,9.979999542236328,10.380000114440918,9.954999923706055,10.359999656677246,742400
2025-08-08,EMBC,12.899999618530273,12.960000038146973,11.600000381469727,12.279999732971191,2062500
2025-08-11,EMBC,12.399999618530273,12.984999656677246,12.244999885559082,12.729999542236328,1293900
2025-08-12,EMBC,12.729999542236328,13.350000381469727,12.720000267028809,13.319999694824219,889000
2025-08-13,EMBC,13.4399995803833,14.220000267028809,13.210000038146973,13.9399995803833,1206600
2025-08-14,EMBC,13.729999542236328,13.914999961853027,13.380000114440918,13.869999885559082,777300
2025-08-15,EMBC,13.930000305175781,14.0,13.619999885559082,13.6899995803833,646600
2025-08-18,EMBC,13.770000457763672,13.949999809265137,13.444999694824219,13.479999542236328,566100
2025-08-19,EMBC,13.479999542236328,13.890000343322754,13.479999542236328,13.640000343322754,324500
2025-08-20,EMBC,13.579999923706055,14.09000015258789,13.350000381469727,13.890000343322754,434600
2025-08-21,EMBC,13.75,14.020000457763672,13.75,13.829999923706055,374000
2025-08-22,EMBC,14.0,14.84000015258789,13.904999732971191,14.380000114440918,883800
2025-08-25,EMBC,14.329999923706055,14.4399995803833,14.109999656677246,14.260000228881836,371600
2025-08-26,EMBC,14.260000228881836,14.40999984741211,13.847999572753906,14.210000038146973,563000
2025-08-27,EMBC,14.210000038146973,14.609999656677246,14.210000038146973,14.59000015258789,299200
2025-08-28,EMBC,14.539999961853027,14.6899995803833,14.21500015258789,14.5,496200
2025-08-29,EMBC,14.25,14.65999984741211,14.25,14.479999542236328,366800
2025-09-02,EMBC,14.489999771118164,14.819999694824219,14.34000015258789,14.619999885559082,411200
2025-09-03,EMBC,14.380000114440918,14.649999618530273,14.079999923706055,14.3100004196167,374600
2025-09-04,EMBC,14.319999694824219,14.515000343322754,14.109999656677246,14.489999771118164,285400
2025-09-05,EMBC,14.479999542236328,14.970000267028809,14.399999618530273,14.960000038146973,618500
2025-09-08,EMBC,15.010000228881836,15.260000228881836,14.630000114440918,14.649999618530273,890200
2025-09-09,EMBC,14.65999984741211,15.289999961853027,14.510000228881836,15.229999542236328,653000
2025-09-10,EMBC,15.229999542236328,15.359999656677246,14.770000457763672,14.970000267028809,716300
2025-09-11,EMBC,14.989999771118164,15.4399995803833,14.880000114440918,15.3100004196167,365800
2025-09-12,EMBC,15.210000038146973,15.300000190734863,14.9399995803833,15.010000228881836,332900
2025-09-15,EMBC,14.989999771118164,15.444000244140625,14.9399995803833,15.079999923706055,850400
2025-09-16,EMBC,15.050000190734863,15.3100004196167,14.92199993133545,15.079999923706055,341800
2025-09-17,EMBC,15.15999984741211,15.550000190734863,14.984999656677246,15.0600004196167,427400
2025-09-18,EMBC,15.0600004196167,15.289999961853027,14.880000114440918,15.170000076293945,385700
2025-09-19,EMBC,15.170000076293945,15.170000076293945,14.319999694824219,14.34000015258789,1222700
2025-09-22,EMBC,14.359999656677246,14.630000114440918,14.260000228881836,14.59000015258789,559800
2025-09-23,EMBC,14.670000076293945,14.829999923706055,14.510000228881836,14.569999694824219,476800
2025-09-24,EMBC,14.529999732971191,14.824999809265137,14.479999542236328,14.600000381469727,434800
2025-09-25,EMBC,14.449999809265137,14.449999809265137,13.520000457763672,13.6899995803833,626800
2025-09-26,EMBC,13.800000190734863,14.0,13.654999732971191,13.899999618530273,364200
2025-09-29,EMBC,13.949999809265137,14.020000457763672,13.779999732971191,14.0,521500
2025-09-30,EMBC,14.180000305175781,14.180000305175781,13.835000038146973,14.109999656677246,320300
2025-10-01,EMBC,14.050000190734863,14.817000389099121,13.770000457763672,14.710000038146973,401400
2025-10-02,EMBC,14.680000305175781,14.779999732971191,14.170000076293945,14.260000228881836,321800
2025-10-03,EMBC,14.3100004196167,14.781999588012695,14.229999542236328,14.319999694824219,375000
2025-10-06,EMBC,14.5,14.699999809265137,14.149999618530273,14.1899995803833,580500
2025-10-07,EMBC,14.220000267028809,14.350000381469727,13.760000228881836,13.779999732971191,307500
2025-10-08,EMBC,13.899999618530273,13.925000190734863,13.670000076293945,13.819999694824219,345900
2025-10-09,EMBC,14.029999732971191,14.029999732971191,13.574999809265137,13.59000015258789,240500
2025-10-10,EMBC,13.600000381469727,13.654999732971191,13.100000381469727,13.380000114440918,352000
2025-10-13,EMBC,13.510000228881836,13.704999923706055,13.34000015258789,13.350000381469727,302500
2025-10-14,EMBC,13.149999618530273,13.609999656677246,13.130000114440918,13.529999732971191,313000
2025-10-15,EMBC,13.630000114440918,14.09000015258789,13.539999961853027,13.880000114440918,277900
2025-10-16,EMBC,13.960000038146973,14.135000228881836,13.619999885559082,13.6899995803833,301300
2025-10-17,EMBC,13.59000015258789,13.770000457763672,13.479999542236328,13.5600004196167,325200
2025-10-20,EMBC,13.520000457763672,14.130000114440918,13.4399995803833,14.100000381469727,280800
2025-10-21,EMBC,14.09000015258789,14.420000076293945,13.90999984741211,14.300000190734863,285600
2025-10-22,EMBC,14.550000190734863,14.550000190734863,14.130000114440918,14.25,261000
2025-10-23,EMBC,14.25,14.380000114440918,13.960000038146973,14.140000343322754,221700
2025-10-24,EMBC,14.229999542236328,14.369999885559082,13.930000305175781,14.329999923706055,197900
2025-10-27,EMBC,14.329999923706055,14.430000305175781,13.989999771118164,14.069999694824219,244800
2025-10-28,EMBC,14.029999732971191,14.274999618530273,13.75,14.020000457763672,425500
2025-10-29,EMBC,14.029999732971191,14.260000228881836,13.510000228881836,13.59000015258789,254500
